紹介した	紹介	紹介	introduced	introduced	introduce	17886
紹介した	紹介	紹介	introduced	introduced	introduce	15188
解説した	解説	解説	explained	explained	explain	13619
説明した	説明	説明	explained	explained	explain	12292
解説した	解説	解説	explained	explained	explain	11944
提案した	提案	提案	proposed	proposed	propose	11662
説明した	説明	説明	explained	explained	explain	9911
提案した	提案	提案	proposed	proposed	propose	9139
減少した	減少	減少	decreased	decreased	decrease	7184
適用した	適用	適用	applied	applied	apply	4974
研究した	研究	研究	studied	studied	study	4752
観測した	観測	観測	observed	observed	observe	4229
研究した	研究	研究	studied	studied	study	4222
改善した	改善	改善	improved	improved	improve	4143
減少した	減少	減少	decreased	decreased	decrease	3965
観測した	観測	観測	observed	observed	observe	3644
検討した	検討	検討	studied	studied	study	3395
導入した	導入	導入	introduced	introduced	introduce	3251
観察した	観察	観察	observed	observed	observe	3237
検討した	検討	検討	studied	studied	study	3014
適用した	適用	適用	applied	applied	apply	2818
施行した	施行	施行	performed	performed	perform	2676
診断した	診断	診断	diagnosed	diagnosed	diagnose	2648
形成した	形成	形成	formed	formed	form	2600
観察した	観察	観察	observed	observed	observe	2523
改善した	改善	改善	improved	improved	improve	2522
観察された	観察	観察	observed	observed	observe	2420
消失した	消失	消失	disappeared	disappeared	disappear	2299
施行した	施行	施行	performed	performed	perform	2164
作製した	作製	作製	fabricated	fabricated	fabricate	2146
検出した	検出	検出	detected	detected	detect	2107
構築した	構築	構築	constructed	constructed	construct	1979
調製した	調製	調製	prepared	prepared	prepare	1937
確立した	確立	確立	established	established	establish	1917
観測された	観測	観測	observed	observed	observe	1915
作製した	作製	作製	prepared	prepared	prepare	1910
低下した	低下	低下	lowered	lowered	lower	1866
低下した	低下	低下	decreased	decreased	decrease	1860
推定した	推定	推定	estimated	estimated	estimate	1857
導入した	導入	導入	introduced	introduced	introduce	1824
診断した	診断	診断	diagnosed	diagnosed	diagnose	1759
応用した	応用	応用	applied	applied	apply	1757
作成した	作成	作成	made	made	make	1682
対応する	対応	対応	corresponding	corresponding	correspond	1670
改善する	改善	改善	improve	improve	improve	1568
変化した	変化	変化	changed	changed	change	1549
検出された	検出	検出	detected	detected	detect	1549
考察した	考察	考察	considered	considered	consider	1543
検出した	検出	検出	detected	detected	detect	1521
存在する	存在	存在	exists	exists	exist	1459
推定した	推定	推定	estimated	estimated	estimate	1458
診断された	診断	診断	diagnosed	diagnosed	diagnose	1448
形成した	形成	形成	formed	formed	form	1447
発生した	発生	発生	generated	generated	generate	1436
抽出した	抽出	抽出	extracted	extracted	extract	1427
作製した	作製	作製	fabricated	fabricated	fabricate	1426
示唆された	示唆	示唆	suggested	suggested	suggest	1397
死亡した	死亡	死亡	died	died	die	1394
考察した	考察	考察	considered	considered	consider	1335
作成した	作成	作成	prepared	prepared	prepare	1331
減少した	減少	減少	reduced	reduced	reduce	1322
調製した	調製	調製	prepared	prepared	prepare	1310
消失した	消失	消失	disappeared	disappeared	disappear	1298
作製した	作製	作製	prepared	prepared	prepare	1272
示唆した	示唆	示唆	suggested	suggested	suggest	1266
設置した	設置	設置	installed	installed	instal	1263
応用した	応用	応用	applied	applied	apply	1184
確立した	確立	確立	established	established	establish	1179
構築した	構築	構築	constructed	constructed	construct	1174
達成した	達成	達成	achieved	achieved	achieve	1130
考慮して	考慮	考慮	considering	considering	consider	1125
死亡した	死亡	死亡	died	died	die	1104
作製した	作製	作製	produced	produced	produce	1100
存在した	存在	存在	existed	existed	exist	1045
示唆した	示唆	示唆	suggested	suggested	suggest	1029
低下した	低下	低下	decreased	decreased	decrease	1000
向上した	向上	向上	improved	improved	improve	995
作成した	作成	作成	made	made	make	881
達成した	達成	達成	achieved	achieved	achieve	878
解決する	解決	解決	solve	solve	solve	845
考慮した	考慮	考慮	considered	considered	consider	841
紹介した	紹介	紹介	explained	explained	explain	838
発生した	発生	発生	generated	generated	generate	831
低下した	低下	低下	lowered	lowered	lower	822
変化した	変化	変化	changed	changed	change	818
誘導した	誘導	誘導	induced	induced	induce	789
評価した	評価	評価	estimated	estimated	estimate	785
設定した	設定	設定	set	set	set	783
改良した	改良	改良	improved	improved	improve	778
紹介した	紹介	紹介	explained	explained	explain	778
作成した	作成	作成	prepared	prepared	prepare	777
紹介した	紹介	紹介	was introduced	introduced	introduce	775
紹介した	紹介	紹介	were introduced	introduced	introduce	775
施行した	施行	施行	was performed	performed	perform	773
施行した	施行	施行	were performed	performed	perform	773
実施した	実施	実施	performed	performed	perform	765
収集した	収集	収集	collected	collected	collect	756
検出する	検出	検出	detect	detect	detect	756
採取した	採取	採取	collected	collected	collect	736
上昇した	上昇	上昇	rose	rose	rise	724
実証した	実証	実証	demonstrated	demonstrated	demonstrate	723
減少した	減少	減少	reduced	reduced	reduce	723
達成する	達成	達成	achieve	achieve	achieve	689
設置した	設置	設置	installed	installed	instal	681
試験した	試験	試験	tested	tested	test	676
実証した	実証	実証	demonstrated	demonstrated	demonstrate	675
評価した	評価	評価	estimated	estimated	estimate	666
生成した	生成	生成	formed	formed	form	662
処理した	処理	処理	treated	treated	treat	655
判明した	判明	判明	proven	proven	prove	639
施行した	施行	施行	was performed	performed	perform	632
施行した	施行	施行	were performed	performed	perform	632
抽出した	抽出	抽出	extracted	extracted	extract	631
適用する	適用	適用	applying	applying	apply	628
向上した	向上	向上	improved	improved	improve	620
提案した	提案	提案	was proposed	proposed	propose	617
作製した	作製	作製	produced	produced	produce	612
説明する	説明	説明	explain	explain	explain	600
実施した	実施	実施	performed	performed	perform	598
生成した	生成	生成	produced	produced	produce	590
紹介した	紹介	紹介	was introduced	introduced	introduce	587
紹介した	紹介	紹介	were introduced	introduced	introduce	587
合併した	合併	合併	combined	combined	combine	585
利用する	利用	利用	utilizing	utilizing	utilize	581
導入する	導入	導入	introducing	introducing	introduce	576
検出する	検出	検出	detecting	detecting	detect	574
利用した	利用	利用	utilized	utilized	utilize	565
紹介した	紹介	紹介	was introduced	introduced	introduce	553
紹介した	紹介	紹介	were introduced	introduced	introduce	553
誘導した	誘導	誘導	induced	induced	induce	547
適用して	適用	適用	applying	applying	apply	546
製作した	製作	製作	fabricated	fabricated	fabricate	539
提案された	提案	提案	proposed	proposed	propose	533
試験した	試験	試験	tested	tested	test	530
予測した	予測	予測	predicted	predicted	predict	526
生成した	生成	生成	generated	generated	generate	513
維持する	維持	維持	maintain	maintain	maintain	510
改良した	改良	改良	improved	improved	improve	502
低下した	低下	低下	reduced	reduced	reduce	500
解説した	解説	解説	was explained	explained	explain	490
解説した	解説	解説	were explained	explained	explain	490
判明した	判明	判明	proven	proven	prove	489
入院した	入院	入院	hospitalized	hospitalized	hospitalize	484
発見した	発見	発見	discovered	discovered	discover	479
構築する	構築	構築	construct	construct	construct	479
改善する	改善	改善	improving	improving	improve	474
生成した	生成	生成	produced	produced	produce	473
概説した	概説	概説	reviewed	reviewed	review	469
最適化した	最適化	最適化	optimized	optimized	optimize	460
処理した	処理	処理	treated	treated	treat	457
生成した	生成	生成	formed	formed	form	454
整理した	整理	整理	arranged	arranged	arrange	450
考慮した	考慮	考慮	considered	considered	consider	440
紹介した	紹介	紹介	was introduced	introduced	introduce	432
紹介した	紹介	紹介	were introduced	introduced	introduce	432
経過した	経過	経過	passed	passed	pass	427
治療した	治療	治療	treated	treated	treat	426
誘導された	誘導	誘導	induced	induced	induce	423
印加した	印加	印加	applied	applied	apply	416
低減した	低減	低減	reduced	reduced	reduce	411
概説した	概説	概説	reviewed	reviewed	review	408
形成する	形成	形成	forming	forming	form	406
提案した	提案	提案	was proposed	proposed	propose	405
存在する	存在	存在	existing	existing	exist	403
参加した	参加	参加	participated	participated	participate	402
解説した	解説	解説	was explained	explained	explain	399
解説した	解説	解説	were explained	explained	explain	399
予測した	予測	予測	predicted	predicted	predict	390
入院した	入院	入院	hospitalized	hospitalized	hospitalize	388
採取した	採取	採取	collected	collected	collect	386
生成した	生成	生成	generated	generated	generate	386
促進した	促進	促進	promoted	promoted	promote	383
収集した	収集	収集	collected	collected	collect	377
継続した	継続	継続	continued	continued	continue	367
除去する	除去	除去	remove	remove	remove	359
概説した	概説	概説	explained	explained	explain	357
最適化した	最適化	最適化	optimized	optimized	optimize	354
設定した	設定	設定	set	set	set	353
存在した	存在	存在	existed	existed	exist	350
判断した	判断	判断	judged	judged	judge	350
展望した	展望	展望	viewed	viewed	view	345
調査した	調査	調査	surveyed	surveyed	survey	345
作成した	作成	作成	was made	made	make	343
概説した	概説	概説	explained	explained	explain	342
導入した	導入	導入	were introduced	introduced	introduce	339
導入した	導入	導入	was introduced	introduced	introduce	339
説明した	説明	説明	were explained	explained	explain	335
説明した	説明	説明	was explained	explained	explain	335
観察した	観察	観察	were observed	observed	observe	330
観察した	観察	観察	was observed	observed	observe	330
発見した	発見	発見	discovered	discovered	discover	329
安定した	安定	安定	stabilized	stabilized	stabilize	327
導入して	導入	導入	introducing	introducing	introduce	327
示唆された	示唆	示唆	was suggested	suggested	suggest	325
治療した	治療	治療	treated	treated	treat	323
判明した	判明	判明	was proven	proven	prove	322
製作した	製作	製作	fabricated	fabricated	fabricate	318
提示した	提示	提示	proposed	proposed	propose	315
合併した	合併	合併	combined	combined	combine	315
発見された	発見	発見	discovered	discovered	discover	315
適用する	適用	適用	apply	apply	apply	313
考慮する	考慮	考慮	consider	consider	consider	310
相当する	相当	相当	corresponding	corresponding	correspond	307
適用した	適用	適用	was applied	applied	apply	303
考察した	考察	考察	studied	studied	study	297
構築した	構築	構築	was constructed	constructed	construct	295
反映した	反映	反映	reflected	reflected	reflect	294
縮小した	縮小	縮小	reduced	reduced	reduce	294
印加した	印加	印加	applied	applied	apply	293
利用した	利用	利用	utilized	utilized	utilize	293
観測した	観測	観測	was observed	observed	observe	292
観測した	観測	観測	were observed	observed	observe	292
解明する	解明	解明	elucidate	elucidate	elucidate	290
展望した	展望	展望	viewed	viewed	view	289
利用する	利用	利用	utilize	utilize	utilize	287
発生する	発生	発生	arises	arises	arise	285
判明した	判明	判明	was proven	proven	prove	283
説明した	説明	説明	were explained	explained	explain	280
説明した	説明	説明	was explained	explained	explain	280
中止した	中止	中止	stopped	stopped	stop	276
反映して	反映	反映	reflect	reflect	reflect	276
短縮した	短縮	短縮	shortened	shortened	shorten	273
検出した	検出	検出	was detected	detected	detect	271
低減した	低減	低減	reduced	reduced	reduce	270
構築する	構築	構築	constructing	constructing	construct	268
低下した	低下	低下	reduced	reduced	reduce	268
設置された	設置	設置	installed	installed	instal	266
観察された	観察	観察	was observed	observed	observe	264
提示した	提示	提示	proposed	proposed	propose	263
提供する	提供	提供	offers	offers	offer	262
充填した	充填	充填	filled	filled	fill	260
説明した	説明	説明	was explained	explained	explain	258
説明した	説明	説明	were explained	explained	explain	258
解決した	解決	解決	solved	solved	solve	256
確立した	確立	確立	was established	established	establish	255
説明する	説明	説明	explains	explains	explain	253
切除した	切除	切除	resected	resected	resect	246
観察した	観察	観察	were observed	observed	observe	244
観察した	観察	観察	was observed	observed	observe	244
推進する	推進	推進	promote	promote	promote	243
製作した	製作	製作	manufactured	manufactured	manufacture	241
上昇した	上昇	上昇	rose	rose	rise	236
考察した	考察	考察	studied	studied	study	236
改良する	改良	改良	improve	improve	improve	236
反映する	反映	反映	reflects	reflects	reflect	235
提供する	提供	提供	offer	offer	offer	229
参加した	参加	参加	participated	participated	participate	226
誘導する	誘導	誘導	induce	induce	induce	224
製造した	製造	製造	produced	produced	produce	224
再現する	再現	再現	reproduce	reproduce	reproduce	223
観測した	観測	観測	was observed	observed	observe	221
観測した	観測	観測	were observed	observed	observe	221
除去する	除去	除去	removing	removing	remove	220
再現した	再現	再現	reproduced	reproduced	reproduce	218
検出された	検出	検出	was detected	detected	detect	212
検出された	検出	検出	were detected	detected	detect	212
調査した	調査	調査	studied	studied	study	211
最適化する	最適化	最適化	optimizing	optimizing	optimize	210
判断した	判断	判断	judged	judged	judge	209
調査した	調査	調査	surveyed	surveyed	survey	206
変化させる	変化	変化	changing	changing	change	206
抽出された	抽出	抽出	extracted	extracted	extract	203
構成する	構成	構成	constituting	constituting	constitute	201
解説する	解説	解説	explains	explains	explain	198
作成した	作成	作成	were prepared	prepared	prepare	195
作成した	作成	作成	was prepared	prepared	prepare	195
調整した	調整	調整	adjusted	adjusted	adjust	195
増強した	増強	増強	strengthened	strengthened	strengthen	195
展望した	展望	展望	reviewed	reviewed	review	194
製作した	製作	製作	produced	produced	produce	191
活用する	活用	活用	utilizing	utilizing	utilize	190
反映して	反映	反映	reflects	reflects	reflect	189
発生する	発生	発生	occurs	occurs	occur	189
軽快した	軽快	軽快	improved	improved	improve	188
配置した	配置	配置	arranged	arranged	arrange	187
充填した	充填	充填	filled	filled	fill	187
整理した	整理	整理	arranged	arranged	arrange	185
冷却した	冷却	冷却	cooled	cooled	cool	185
統合した	統合	統合	integrated	integrated	integrate	185
検討した	検討	検討	was studied	studied	study	182
検討した	検討	検討	were studied	studied	study	182
形成した	形成	形成	was formed	formed	form	180
変更する	変更	変更	changing	changing	change	179
表示した	表示	表示	displayed	displayed	display	177
経過した	経過	経過	passed	passed	pass	176
検出した	検出	検出	was detected	detected	detect	175
説明した	説明	説明	were explained	explained	explain	173
活用して	活用	活用	utilizing	utilizing	utilize	173
説明した	説明	説明	was explained	explained	explain	173
展望した	展望	展望	reviewed	reviewed	review	172
構築した	構築	構築	was constructed	constructed	construct	171
向上させる	向上	向上	improving	improving	improve	170
作製した	作製	作製	was produced	produced	produce	170
建設された	建設	建設	constructed	constructed	construct	169
導入した	導入	導入	was introduced	introduced	introduce	169
導入した	導入	導入	were introduced	introduced	introduce	169
変化する	変化	変化	changing	changing	change	168
変化させた	変化	変化	changed	changed	change	168
選択する	選択	選択	choose	choose	choose	165
調査した	調査	調査	studied	studied	study	165
確立した	確立	確立	was established	established	establish	164
抽出する	抽出	抽出	extracting	extracting	extract	164
変化させて	変化	変化	changing	changing	change	163
注目されて	注目	注目	is noticed	noticed	notice	163
促進した	促進	促進	promoted	promoted	promote	162
増悪した	増悪	増悪	exacerbated	exacerbated	exacerbate	161
作成した	作成	作成	was made	made	make	161
向上させた	向上	向上	improved	improved	improve	159
実施した	実施	実施	were performed	performed	perform	158
実施した	実施	実施	was performed	performed	perform	158
検討した	検討	検討	were studied	studied	study	158
検討した	検討	検討	was studied	studied	study	158
適用した	適用	適用	was applied	applied	apply	157
軽快した	軽快	軽快	was improved	improved	improve	157
切除した	切除	切除	resected	resected	resect	157
軽快した	軽快	軽快	were improved	improved	improve	157
応用する	応用	応用	applying	applying	apply	155
注目されている	注目	注目	is noticed	noticed	notice	155
紹介した	紹介	紹介	shown	shown	show	152
印加する	印加	印加	applying	applying	apply	151
判定した	判定	判定	judged	judged	judge	151
解決した	解決	解決	solved	solved	solve	149
提言した	提言	提言	proposed	proposed	propose	149
命名した	命名	命名	named	named	name	148
継続した	継続	継続	continued	continued	continue	148
軽減する	軽減	軽減	reduce	reduce	reduce	147
製造した	製造	製造	produced	produced	produce	147
改善した	改善	改善	was improved	improved	improve	145
改善した	改善	改善	were improved	improved	improve	145
証明した	証明	証明	proven	proven	prove	145
示唆した	示唆	示唆	was suggested	suggested	suggest	144
発生する	発生	発生	occur	occur	occur	143
観測された	観測	観測	was observed	observed	observe	142
反映している	反映	反映	reflects	reflects	reflect	142
作成した	作成	作成	produced	produced	produce	142
縮小した	縮小	縮小	reduced	reduced	reduce	141
命名した	命名	命名	named	named	name	140
発現していた	発現	発現	expressed	expressed	express	140
中止した	中止	中止	stopped	stopped	stop	139
商品化した	商品化	商品化	commercialized	commercialized	commercialize	139
施行した	施行	施行	were performed	performed	perform	138
施行した	施行	施行	was performed	performed	perform	138
存在して	存在	存在	exists	exists	exist	137
分布していた	分布	分布	distributed	distributed	distribute	134
解説した	解説	解説	were explained	explained	explain	133
解説した	解説	解説	was explained	explained	explain	133
発現していた	発現	発現	expressed	expressed	express	133
紹介した	紹介	紹介	shown	shown	show	133
解明した	解明	解明	elucidated	elucidated	elucidate	132
示唆した	示唆	示唆	was suggested	suggested	suggest	131
生成する	生成	生成	generating	generating	generate	131
応用して	応用	応用	applying	applying	apply	129
分布していた	分布	分布	distributed	distributed	distribute	129
推進する	推進	推進	promoting	promoting	promote	129
提言した	提言	提言	proposed	proposed	propose	128
再現した	再現	再現	reproduced	reproduced	reproduce	127
推定した	推定	推定	was estimated	estimated	estimate	125
推定した	推定	推定	were estimated	estimated	estimate	125
発生する	発生	発生	generating	generating	generate	125
維持された	維持	維持	maintained	maintained	maintain	122
製作した	製作	製作	produced	produced	produce	121
設置した	設置	設置	established	established	establish	120
研究した	研究	研究	were studied	studied	study	120
観測した	観測	観測	was observed	observed	observe	120
検討した	検討	検討	were studied	studied	study	120
検討した	検討	検討	was studied	studied	study	120
観測した	観測	観測	were observed	observed	observe	120
研究した	研究	研究	was studied	studied	study	120
誘導する	誘導	誘導	inducing	inducing	induce	119
提案した	提案	提案	suggested	suggested	suggest	119
させた			made	made	make	116
製作した	製作	製作	manufactured	manufactured	manufacture	116
生成された	生成	生成	generated	generated	generate	115
調節する	調節	調節	adjusting	adjusting	adjust	114
相互作用する	相互作用	相互作用	interacting	interacting	interact	113
完了した	完了	完了	finished	finished	finish	113
製作した	製作	製作	constructed	constructed	construct	113
形成して	形成	形成	forming	forming	form	113
作成した	作成	作成	was prepared	prepared	prepare	112
商品化した	商品化	商品化	commercialized	commercialized	commercialize	112
実施した	実施	実施	was performed	performed	perform	112
観察した	観察	観察	were observed	observed	observe	112
証明した	証明	証明	proven	proven	prove	112
実施した	実施	実施	were performed	performed	perform	112
作成した	作成	作成	were prepared	prepared	prepare	112
観察した	観察	観察	was observed	observed	observe	112
調整した	調整	調整	adjusted	adjusted	adjust	110
誘起する	誘起	誘起	induce	induce	induce	109
施行した	施行	施行	was performed	performed	perform	109
配置した	配置	配置	arranged	arranged	arrange	109
施行した	施行	施行	were performed	performed	perform	109
調製した	調製	調製	was prepared	prepared	prepare	107
形成される	形成	形成	is formed	formed	form	105
冷却した	冷却	冷却	cooled	cooled	cool	105
解説した	解説	解説	was explained	explained	explain	104
解説した	解説	解説	were explained	explained	explain	104
研究した	研究	研究	were studied	studied	study	104
達成した	達成	達成	was achieved	achieved	achieve	104
研究した	研究	研究	was studied	studied	study	104
統合した	統合	統合	integrated	integrated	integrate	102
達成した	達成	達成	attained	attained	attain	102
観測する	観測	観測	observing	observing	observe	101
判定した	判定	判定	judged	judged	judge	101
スクリーニングした	スクリーニング	スクリーニング	screened	screened	screen	101
選択する	選択	選択	choosing	choosing	choose	100
必要とした	必要と	必要と	needed	needed	need	100
検出した	検出	検出	was detected	detected	detect	100
総説した	総説	総説	reviewed	reviewed	review	100
提案した	提案	提案	suggested	suggested	suggest	100
総説した	総説	総説	reviewed	reviewed	review	98
調製した	調製	調製	was prepared	prepared	prepare	97
応用した	応用	応用	was applied	applied	apply	97
減少して	減少	減少	decreasing	decreasing	decrease	96
生産する	生産	生産	produce	produce	produce	96
準備した	準備	準備	prepared	prepared	prepare	95
混合して	混合	混合	mixing	mixing	mix	94
観察した	観察	観察	were observed	observed	observe	93
観察した	観察	観察	was observed	observed	observe	93
表示した	表示	表示	displayed	displayed	display	93
短縮した	短縮	短縮	shortened	shortened	shorten	93
作製した	作製	作製	was prepared	prepared	prepare	93
形成した	形成	形成	was formed	formed	form	93
作製した	作製	作製	were prepared	prepared	prepare	93
紹介した	紹介	紹介	reviewed	reviewed	review	91
析出した	析出	析出	deposited	deposited	deposit	91
乾燥した	乾燥	乾燥	dried	dried	dry	91
塗布した	塗布	塗布	applied	applied	apply	90
作成する	作成	作成	making	making	make	89
達成した	達成	達成	was achieved	achieved	achieve	89
ため死亡した	ため死亡	ため死亡	died	died	die	88
可能とした	可能と	可能と	enabled	enabled	enable	88
紹介した	紹介	紹介	reviewed	reviewed	review	88
安定化する	安定化	安定化	stabilize	stabilize	stabilize	87
作製した	作製	作製	was prepared	prepared	prepare	86
作製した	作製	作製	were prepared	prepared	prepare	86
作製した	作製	作製	formed	formed	form	86
変化して	変化	変化	changing	changing	change	85
発生する	発生	発生	arise	arise	arise	85
ため死亡した	ため死亡	ため死亡	died	died	die	85
強化した	強化	強化	strengthened	strengthened	strengthen	84
堆積させた	堆積	堆積	deposited	deposited	deposit	84
作成した	作成	作成	produced	produced	produce	84
達成した	達成	達成	attained	attained	attain	83
存在している	存在	存在	exists	exists	exist	81
解明した	解明	解明	elucidated	elucidated	elucidate	81
駆動した	駆動	駆動	driven	driven	drive	81
改善した	改善	改善	was improved	improved	improve	81
寄与して	寄与	寄与	contribute	contribute	contribute	81
改善した	改善	改善	were improved	improved	improve	81
推定した	推定	推定	was estimated	estimated	estimate	80
発生する	発生	発生	is generated	generated	generate	80
推定した	推定	推定	were estimated	estimated	estimate	80
調整した	調整	調整	prepared	prepared	prepare	79
導出した	導出	導出	deduced	deduced	deduce	79
作製した	作製	作製	was produced	produced	produce	79
観測した	観測	観測	was observed	observed	observe	78
収集した	収集	収集	were collected	collected	collect	78
発揮する	発揮	発揮	demonstrate	demonstrate	demonstrate	78
観測した	観測	観測	were observed	observed	observe	78
反映した	反映	反映	reflected	reflected	reflect	77
測定した	測定	測定	observed	observed	observe	76
コードする	コード	コード	coding	coding	code	74
析出した	析出	析出	deposited	deposited	deposit	74
測定した	測定	測定	observed	observed	observe	74
可能とした	可能と	可能と	enabled	enabled	enable	74
研究した	研究	研究	was studied	studied	study	73
固定された	固定	固定	fixed	fixed	fix	73
到達する	到達	到達	reach	reach	reach	73
試作した	試作	試作	fabricated	fabricated	fabricate	73
紹介する	紹介	紹介	are introduced	introduced	introduce	73
研究した	研究	研究	were studied	studied	study	73
作製した	作製	作製	was fabricated	fabricated	fabricate	72
作製した	作製	作製	were fabricated	fabricated	fabricate	72
再検討した	再検討	再検討	reexamined	reexamined	reexamine	71
検討した	検討	検討	reviewed	reviewed	review	71
反映していた	反映	反映	reflected	reflected	reflect	71
塗布した	塗布	塗布	coated	coated	coat	71
検出した	検出	検出	was detected	detected	detect	70
製作した	製作	製作	constructed	constructed	construct	70
寄与している	寄与	寄与	contribute	contribute	contribute	68
注目した	注目	注目	focused	focused	focus	68
分割した	分割	分割	divided	divided	divide	68
改良した	改良	改良	was improved	improved	improve	68
反映していた	反映	反映	reflected	reflected	reflect	68
配布した	配布	配布	distributed	distributed	distribute	68
推計した	推計	推計	estimated	estimated	estimate	67
向上させる	向上	向上	improves	improves	improve	66
必要とした	必要と	必要と	needed	needed	need	66
作製する	作製	作製	produce	produce	produce	66
入手した	入手	入手	obtained	obtained	obtain	66
検討した	検討	検討	reviewed	reviewed	review	65
提案した	提案	提案	was proposed	proposed	propose	64
検討した	検討	検討	analysed	analysed	analyse	64
強化した	強化	強化	reinforced	reinforced	reinforce	64
除去された	除去	除去	removed	removed	remove	63
作成された	作成	作成	made	made	make	62
採取した	採取	採取	were collected	collected	collect	61
作成した	作成	作成	were prepared	prepared	prepare	61
作成した	作成	作成	was prepared	prepared	prepare	61
発見した	発見	発見	was discovered	discovered	discover	61
採取した	採取	採取	was collected	collected	collect	61
検討した	検討	検討	analysed	analysed	analyse	60
研究した	研究	研究	was studied	studied	study	60
確認した	確認	確認	observed	observed	observe	60
研究した	研究	研究	were studied	studied	study	60
作成した	作成	作成	was made	made	make	60
強化した	強化	強化	reinforced	reinforced	reinforce	59
判明した	判明	判明	shown	shown	show	59
開設した	開設	開設	opened	opened	open	59
導出した	導出	導出	deduced	deduced	deduce	58
指導した	指導	指導	guided	guided	guide	57
列挙した	列挙	列挙	enumerated	enumerated	enumerate	57
作製した	作製	作製	formed	formed	form	57
確認した	確認	確認	observed	observed	observe	56
判明した	判明	判明	shown	shown	show	55
試作した	試作	試作	fabricated	fabricated	fabricate	55
スクリーニングした	スクリーニング	スクリーニング	screened	screened	screen	55
向上した	向上	向上	was improved	improved	improve	54
応用した	応用	応用	was applied	applied	apply	54
生成した	生成	生成	were formed	formed	form	53
実施した	実施	実施	was performed	performed	perform	52
増悪した	増悪	増悪	exacerbated	exacerbated	exacerbate	52
施工した	施工	施工	constructed	constructed	construct	52
成功した	成功	成功	achieved	achieved	achieve	52
実施した	実施	実施	were performed	performed	perform	52
調整した	調整	調整	prepared	prepared	prepare	52
調製した	調製	調製	was prepared	prepared	prepare	51
低下して	低下	低下	lowering	lowering	lower	51
通過する	通過	通過	passes	passes	pass	51
発見した	発見	発見	was discovered	discovered	discover	51
減少している	減少	減少	decreasing	decreasing	decrease	51
増強した	増強	増強	strengthened	strengthened	strengthen	51
駆動した	駆動	駆動	driven	driven	drive	51
症と診断した	症と診断	症と診断	diagnosed	diagnosed	diagnose	50
実施した	実施	実施	were performed	performed	perform	49
再検討した	再検討	再検討	reexamined	reexamined	reexamine	49
低下する	低下	低下	decreasing	decreasing	decrease	49
実施した	実施	実施	was performed	performed	perform	49
推計した	推計	推計	estimated	estimated	estimate	49
向上した	向上	向上	was improved	improved	improve	48
形成する	形成	形成	is formed	formed	form	48
作製した	作製	作製	was produced	produced	produce	48
導入した	導入	導入	was introduced	introduced	introduce	47
認可された	認可	認可	approved	approved	approve	47
調製した	調製	調製	was prepared	prepared	prepare	47
受賞した	受賞	受賞	received	received	receive	47
導入した	導入	導入	were introduced	introduced	introduce	47
局在化した	局在化	局在化	localized	localized	localize	47
塗布した	塗布	塗布	applied	applied	apply	46
収集した	収集	収集	were collected	collected	collect	46
実証した	実証	実証	proved	proved	prove	46
合併していた	合併	合併	combined	combined	combine	46
提案した	提案	提案	was proposed	proposed	propose	46
強化した	強化	強化	strengthened	strengthened	strengthen	46
追跡した	追跡	追跡	followed	followed	follow	46
惹起した	惹起	惹起	induced	induced	induce	46
試作した	試作	試作	produced	produced	produce	45
成功した	成功	成功	achieved	achieved	achieve	45
症と診断した	症と診断	症と診断	diagnosed	diagnosed	diagnose	44
確認した	確認	確認	showed	showed	show	44
始めとする	始めと	始めと	including	including	include	44
受賞した	受賞	受賞	received	received	receive	44
列挙した	列挙	列挙	enumerated	enumerated	enumerate	44
提案した	提案	提案	been proposed	been proposed	propose	44
示して解説した	示解説	示解説	explained	explained	explain	43
塗布した	塗布	塗布	coated	coated	coat	43
準備した	準備	準備	prepared	prepared	prepare	43
製作した	製作	製作	was manufactured	manufactured	manufacture	43
考察した	考察	考察	were considered	considered	consider	42
継続して	継続	継続	continue	continue	continue	42
合併していた	合併	合併	combined	combined	combine	42
採取した	採取	採取	was collected	collected	collect	42
作製した	作製	作製	were prepared	prepared	prepare	42
採取した	採取	採取	were collected	collected	collect	42
考察した	考察	考察	was considered	considered	consider	42
つき説明した	つき説明	つき説明	explained	explained	explain	42
作製した	作製	作製	was prepared	prepared	prepare	42
継続した	継続	継続	was continued	continued	continue	42
設定した	設定	設定	were set	set	set	41
乾燥した	乾燥	乾燥	dried	dried	dry	41
施工した	施工	施工	constructed	constructed	construct	41
短縮する	短縮	短縮	shortening	shortening	shorten	41
強化する	強化	強化	strengthening	strengthening	strengthen	41
完了した	完了	完了	finished	finished	finish	40
製造した	製造	製造	manufactured	manufactured	manufacture	40
考察した	考察	考察	was considered	considered	consider	40
推定した	推定	推定	were estimated	estimated	estimate	40
推定した	推定	推定	was estimated	estimated	estimate	40
実証した	実証	実証	proved	proved	prove	40
交換した	交換	交換	exchanged	exchanged	exchange	40
考察した	考察	考察	were considered	considered	consider	40
設定して	設定	設定	setting	setting	set	40
示して解説した	示解説	示解説	explained	explained	explain	40
立証した	立証	立証	demonstrated	demonstrated	demonstrate	39
施行した	施行	施行	applied	applied	apply	39
つき解説した	つき解説	つき解説	explained	explained	explain	38
形成した	形成	形成	fabricated	fabricated	fabricate	38
つき説明した	つき説明	つき説明	explained	explained	explain	38
確認した	確認	確認	showed	showed	show	38
判定する	判定	判定	judging	judging	judge	37
考察した	考察	考察	was considered	considered	consider	37
設定された	設定	設定	set	set	set	37
関与して	関与	関与	is involved	involved	involve	37
考察した	考察	考察	were considered	considered	consider	37
証明した	証明	証明	was proven	proven	prove	37
誘導される	誘導	誘導	is induced	induced	induce	37
提案されて	提案	提案	is proposed	proposed	propose	37
説明した	説明	説明	shown	shown	show	36
考察した	考察	考察	was considered	considered	consider	36
考察した	考察	考察	were considered	considered	consider	36
説明した	説明	説明	introduced	introduced	introduce	36
作製した	作製	作製	was prepared	prepared	prepare	36
作製した	作製	作製	were prepared	prepared	prepare	36
追跡した	追跡	追跡	followed	followed	follow	36
実行する	実行	実行	execute	execute	execute	36
立証した	立証	立証	demonstrated	demonstrated	demonstrate	36
入手した	入手	入手	obtained	obtained	obtain	35
増強した	増強	増強	was strengthened	strengthened	strengthen	35
設定した	設定	設定	were set	set	set	35
つき解説した	つき解説	つき解説	explained	explained	explain	35
化した	化	化	made	made	make	34
形成した	形成	形成	fabricated	fabricated	fabricate	34
提案されている	提案	提案	is proposed	proposed	propose	34
解決する	解決	解決	resolve	resolve	resolve	33
作製した	作製	作製	were fabricated	fabricated	fabricate	33
試作した	試作	試作	produced	produced	produce	33
証明した	証明	証明	was proven	proven	prove	33
追跡する	追跡	追跡	tracing	tracing	trace	33
説明された	説明	説明	explained	explained	explain	33
最適化する	最適化	最適化	optimizes	optimizes	optimize	33
作製した	作製	作製	was fabricated	fabricated	fabricate	33
改善する	改善	改善	is improved	improved	improve	32
形成した	形成	形成	was formed	formed	form	32
吸収する	吸収	吸収	absorbing	absorbing	absorb	32
合併していた	合併	合併	has been combined	has been combined	combine	32
説明した	説明	説明	shown	shown	show	32
導入した	導入	導入	were introduced	introduced	introduce	32
参加して	参加	参加	participating	participating	participate	32
提案した	提案	提案	been proposed	been proposed	propose	32
刺激された	刺激	刺激	stimulated	stimulated	stimulate	32
導入した	導入	導入	was introduced	introduced	introduce	32
適用する	適用	適用	is applied	applied	apply	32
複合した	複合	複合	combined	combined	combine	32
作製した	作製	作製	were fabricated	fabricated	fabricate	31
最適化して	最適化	最適化	optimizing	optimizing	optimize	31
関与する	関与	関与	are involved	involved	involve	31
構築した	構築	構築	was constructed	constructed	construct	31
印加した	印加	印加	were applied	applied	apply	31
配置された	配置	配置	arranged	arranged	arrange	31
反射された	反射	反射	reflected	reflected	reflect	31
印加した	印加	印加	was applied	applied	apply	31
関与する	関与	関与	is involved	involved	involve	31
作製した	作製	作製	was fabricated	fabricated	fabricate	31
確立した	確立	確立	was established	established	establish	31
依存する	依存	依存	depends	depends	depend	30
適用した	適用	適用	was applied	applied	apply	30
生する	生	生	producing	producing	produce	30
発見された	発見	発見	was discovered	discovered	discover	30
注目した	注目	注目	focused	focused	focus	30
発見された	発見	発見	were discovered	discovered	discover	30
紹介する	紹介	紹介	are introduced	introduced	introduce	29
推定した	推定	推定	were estimated	estimated	estimate	29
推定した	推定	推定	was estimated	estimated	estimate	29
施行した	施行	施行	was applied	applied	apply	29
関与している	関与	関与	is involved	involved	involve	29
施行した	施行	施行	applied	applied	apply	28
継続した	継続	継続	was continued	continued	continue	28
形成される	形成	形成	is formed	formed	form	28
注目されて	注目	注目	is noticed	noticed	notice	28
配布した	配布	配布	distributed	distributed	distribute	27
表示する	表示	表示	displaying	displaying	display	27
説明する	説明	説明	is explained	explained	explain	27
改良した	改良	改良	was improved	improved	improve	27
改良して	改良	改良	improving	improving	improve	26
作成した	作成	作成	was made	made	make	26
達成した	達成	達成	was achieved	achieved	achieve	26
決定した	決定	決定	obtained	obtained	obtain	25
指導した	指導	指導	guided	guided	guide	25
低下した	低下	低下	deteriorated	deteriorated	deteriorate	25
発生する	発生	発生	is generated	generated	generate	25
導入して	導入	導入	is introduced	introduced	introduce	25
注目されている	注目	注目	is noticed	noticed	notice	25
予想した	予想	予想	predicted	predicted	predict	25
観察した	観察	観察	studied	studied	study	25
局在化した	局在化	局在化	localized	localized	localize	25
増強する	増強	増強	strengthen	strengthen	strengthen	25
提案された	提案	提案	were proposed	proposed	propose	25
試験した	試験	試験	were tested	tested	test	24
交換した	交換	交換	exchanged	exchanged	exchange	24
予想した	予想	予想	predicted	predicted	predict	24
製作した	製作	製作	was manufactured	manufactured	manufacture	24
観察した	観察	観察	studied	studied	study	24
試験した	試験	試験	was tested	tested	test	24
増強された	増強	増強	strengthened	strengthened	strengthen	24
示唆されて	示唆	示唆	is suggested	suggested	suggest	24
製造した	製造	製造	manufactured	manufactured	manufacture	24
再生する	再生	再生	reproducing	reproducing	reproduce	24
関与して	関与	関与	is involved	involved	involve	24
示唆されている	示唆	示唆	is suggested	suggested	suggest	23
評価した	評価	評価	were estimated	estimated	estimate	23
作製した	作製	作製	was produced	produced	produce	23
決定した	決定	決定	obtained	obtained	obtain	23
誘発する	誘発	誘発	inducing	inducing	induce	23
症と診断された	症と診断	症と診断	diagnosed	diagnosed	diagnose	23
増悪した	増悪	増悪	were exacerbated	exacerbated	exacerbate	22
施行した	施行	施行	was applied	applied	apply	22
設定した	設定	設定	were set	set	set	22
捕集した	捕集	捕集	collected	collected	collect	22
達成した	達成	達成	was achieved	achieved	achieve	22
残存する	残存	残存	remains	remains	remain	22
解説する	解説	解説	are explained	explained	explain	22
依存する	依存	依存	depend	depend	depend	22
収集した	収集	収集	were collected	collected	collect	21
関与している	関与	関与	is involved	involved	involve	21
設置した	設置	設置	established	established	establish	21
化する	化	化	making	making	make	21
試験した	試験	試験	was tested	tested	test	21
試験した	試験	試験	were tested	tested	test	21
説明した	説明	説明	introduced	introduced	introduce	21
評価した	評価	評価	were estimated	estimated	estimate	21
予測した	予測	予測	were predicted	predicted	predict	20
形成した	形成	形成	was formed	formed	form	20
印加した	印加	印加	were applied	applied	apply	20
達成した	達成	達成	was attained	attained	attain	20
印加した	印加	印加	was applied	applied	apply	20
製造された	製造	製造	produced	produced	produce	19
作成した	作成	作成	were prepared	prepared	prepare	19
機能した	機能	機能	functioned	functioned	function	19
作成した	作成	作成	was prepared	prepared	prepare	19
確立した	確立	確立	was established	established	establish	19
分割した	分割	分割	divided	divided	divide	19
試作した	試作	試作	manufactured	manufactured	manufacture	19
低下した	低下	低下	deteriorated	deteriorated	deteriorate	19
推定する	推定	推定	is estimated	estimated	estimate	18
惹起した	惹起	惹起	induced	induced	induce	18
活用して	活用	活用	utilize	utilize	utilize	18
開設した	開設	開設	opened	opened	open	18
作成した	作成	作成	was produced	produced	produce	18
試験した	試験	試験	was tested	tested	test	17
合併した	合併	合併	was complicated	complicated	complicate	17
コーティングする	コーティング	コーティング	coating	coating	coat	17
達成した	達成	達成	was attained	attained	attain	17
試験した	試験	試験	were tested	tested	test	17
作製した	作製	作製	created	created	create	17
生成した	生成	生成	were formed	formed	form	16
発生していた	発生	発生	generated	generated	generate	16
調査した	調査	調査	was surveyed	surveyed	survey	16
推察された	推察	推察	guessed	guessed	guess	16
低減した	低減	低減	was reduced	reduced	reduce	16
予測される	予測	予測	is predicted	predicted	predict	16
調査した	調査	調査	were surveyed	surveyed	survey	16
構築した	構築	構築	was constructed	constructed	construct	16
開設された	開設	開設	opened	opened	open	15
合併する	合併	合併	complicating	complicating	complicate	15
試験した	試験	試験	were tested	tested	test	15
調査した	調査	調査	was surveyed	surveyed	survey	15
消失した	消失	消失	have disappeared	have disappeared	disappear	15
設置した	設置	設置	was established	established	establish	15
低減した	低減	低減	was reduced	reduced	reduce	15
該当する	該当	該当	corresponding	corresponding	correspond	15
予測される	予測	予測	is estimated	estimated	estimate	15
印加する	印加	印加	is applied	applied	apply	15
推測された	推測	推測	guessed	guessed	guess	15
試験した	試験	試験	was tested	tested	test	15
調査した	調査	調査	were surveyed	surveyed	survey	15
試作した	試作	試作	made	made	make	14
変更して	変更	変更	changing	changing	change	14
適用した	適用	適用	was applied	applied	apply	14
化した	化	化	made	made	make	14
評価した	評価	評価	were estimated	estimated	estimate	14
複合した	複合	複合	combined	combined	combine	14
増強した	増強	増強	was strengthened	strengthened	strengthen	14
提案されて	提案	提案	is proposed	proposed	propose	14
予測した	予測	予測	were predicted	predicted	predict	14
作製した	作製	作製	created	created	create	14
制作した	制作	制作	produced	produced	produce	13
充填した	充填	充填	was filled	filled	fill	13
判定した	判定	判定	was judged	judged	judge	13
サンプリングした	サンプリング	サンプリング	sampled	sampled	sample	13
試作した	試作	試作	manufactured	manufactured	manufacture	13
作成した	作成	作成	was produced	produced	produce	13
捕集した	捕集	捕集	collected	collected	collect	13
描出する	描出	描出	depict	depict	depict	13
処理して	処理	処理	treating	treating	treat	12
発生していた	発生	発生	generated	generated	generate	12
関与する	関与	関与	is involved	involved	involve	12
評価した	評価	評価	were estimated	estimated	estimate	12
収集した	収集	収集	were collected	collected	collect	12
生成する	生成	生成	are formed	formed	form	12
配慮して	配慮	配慮	considering	considering	consider	12
対応していた	対応	対応	corresponded	corresponded	correspond	12
確認した	確認	確認	was observed	observed	observe	12
関与する	関与	関与	are involved	involved	involve	12
提供する	提供	提供	is offered	offered	offer	12
検討した	検討	検討	tested	tested	test	12
応用した	応用	応用	was applied	applied	apply	12
スクリーニングした	スクリーニング	スクリーニング	was screened	screened	screen	12
生成する	生成	生成	is formed	formed	form	12
延長した	延長	延長	elongated	elongated	elongate	12
判定した	判定	判定	was judged	judged	judge	11
ブレンドした	ブレンド	ブレンド	blended	blended	blend	11
対応していた	対応	対応	corresponded	corresponded	correspond	11
観察して	観察	観察	observing	observing	observe	11
推定される	推定	推定	is estimated	estimated	estimate	11
改善した	改善	改善	was improved	improved	improve	11
改善した	改善	改善	were improved	improved	improve	11
死亡する	死亡	死亡	die	die	die	11
促進する	促進	促進	is promoted	promoted	promote	11
確認した	確認	確認	was observed	observed	observe	11
貢献した	貢献	貢献	contributed	contributed	contribute	11
説明する	説明	説明	is explained	explained	explain	11
搭載した	搭載	搭載	was mounted	mounted	mount	11
設置して	設置	設置	is installed	installed	instal	11
提案されている	提案	提案	is proposed	proposed	propose	11
関与している	関与	関与	be involved	involved	involve	10
検討した	検討	検討	made	made	make	10
調査した	調査	調査	were studied	studied	study	10
対応して	対応	対応	meet	meet	meet	10
維持する	維持	維持	are maintained	maintained	maintain	10
発見した	発見	発見	was discovered	discovered	discover	10
形成する	形成	形成	is formed	formed	form	10
スクリーニングした	スクリーニング	スクリーニング	was screened	screened	screen	10
消費する	消費	消費	consuming	consuming	consume	10
維持する	維持	維持	is maintained	maintained	maintain	10
推進してきた	推進くる	推進くる	promoted	promoted	promote	10
関与して	関与	関与	be involved	involved	involve	10
調査した	調査	調査	was studied	studied	study	10
加工する	加工	加工	working	working	work	10
